,,,,,,,,,,
,AMaTS INSTRUMENTS,,,,,,,,,
,Instrument,Instrument Code,Bardcode,Serial Number,Status,Status Notes,Location,Location Notes,Issued to,Last Touch
,Accelerometer,AM-01,*AM-01*,1993,For Repair,,AMTEC UPLB,,JJTM,
,Accelerometer,AM-02,*AM-02*,1997,For Repair,,AMTEC UPLB,,JJTM,
,Accelerometer,AM-03,*AM-03*,1996,For Repair,,AMTEC UPLB,,JJTM,
,Accelerometer Power Supply,AMPS-01,*AMPS-01*,962,Functioning,,AMTEC UPLB,,JJTM,
,Accelerometer Power Supply,AMPS-02,*AMPS-02*,956,Functioning,,AMTEC UPLB,,JJTM,
,Accelerometer Power Supply,AMPS-03,*AMPS-03*,,Functioning,,AMTEC UPLB,,JJTM,
,Bushing,B-01,*B-01*,,Functioning,,AMTEC UPLB,,MJBR,
,Bushing,B-02,*B-02*,,Functioning,,AMTEC UPLB,,MJBR,
,Barometer,BM-01,*BM-01*,881020,For Repair,,AMTEC UPLB,,MJBR,
,Barometer,BM-02,*BM-02*,881025,Functioning,,AMTEC UPLB,,MJBR,
,Barometer,BM-03,*BM-03*,881028,Functioning,,AMTEC UPLB,,MJBR,
,Caliper,,,,Functioning,,AMTEC UPLB,,JJTM,
,Camera,CAM-03A,*CAM-03A*,6131630118,Functioning,,AMTEC UPLB,,JJTM,
,Coupling,RC-01,*RC-01*,,Functioning,,AMTEC UPLB,,MECH LAB,
,Coupling,RC-02,*RC-02*,,Functioning,,AMTEC UPLB,,MECH LAB,
,Coupling,RC-03,*RC-03*,,Functioning,,AMTEC UPLB,,MECH LAB,
,DAQ,DAQ-01,*DAQ-01*,,Functioning,,AMTEC UPLB,,JJTM,
,Digital Indicator,DI-01,*DI-01*,DE19102404,Functioning,,AMTEC UPLB,,MECH LAB,
,Digital Indicator,DI-02,*DI-02*,DA19092402,Functioning,,AMTEC UPLB,,MECH LAB,
,Digital Indicator,DI-03,*DI-03*,DA19092401,Functioning,,AMTEC UPLB,,MECH LAB,
,Digital Indicator,DI-03,*DI-03*,2308050368,Functioning,,AMTEC UPLB,,MECH LAB,
,Digital Indicator,DI-04,*DI-04*,,For Repair,,AMTEC UPLB,,JJTM,
,Digital Indicator,DI-05,*DI-05*,AJ22122801,Functioning,,AMTEC UPLB,,OFFICE,
,Digital Indicator,DI-06,*DI-06*,AJ22122802,Functioning,,AMTEC UPLB,,OFFICE,
,Digital Indicator,DI-07,*DI-07*,AJ22122803,Functioning,,AMTEC UPLB,,OFFICE,
,Digital Indicator,DI-08,*DI-08*,AJ22122804,Functioning,,AMTEC UPLB,,OFFICE,
,Digital Indicator,DI-09,*DI-09*,AJ22122805,Functioning,,AMTEC UPLB,,OFFICE,
,Digital Indicator,DI-10,*DI-10*,AJ22122806,Functioning,,AMTEC UPLB,,OFFICE,
,Digital Indicator,DI-11,*DI-11*,AJ22122807,Functioning,,AMTEC UPLB,,OFFICE,
,Digital Indicator,DI-12,*DI-12*,AJ22122808,Functioning,,AMTEC UPLB,,OFFICE,
,Digital Indicator,DI-13,*DI-13*,AJ22122809,Functioning,,AMTEC UPLB,,OFFICE,
,Digital Indicator,DI-14,*DI-14*,AJ22122810,Functioning,,AMTEC UPLB,,OFFICE,
,Digital Indicator,DI-15,*DI-15*,F9698267,Functioning,,AMTEC UPLB,,JJTM,
,Digital Indicator,DI-16,*DI-16*,FZ698559,Functioning,,AMTEC UPLB,,JJTM,
,Digital Indicator,DI-17,*DI-17*,FZ698560,Functioning,,AMTEC UPLB,,JJTM,
,Digital Indicator,DI-18,*DI-18*,FZ698561,Functioning,,AMTEC UPLB,,JJTM,
,Digital Indicator,DI-19,*DI-19*,FZ698562,Functioning,,AMTEC UPLB,,JJTM,
,Digital Indicator,DI-20,*DI-20*,G30698809,Functioning,,AMTEC UPLB,,JJTM,
,Digital Indicator,DI-21,*DI-21*,G3698810,Functioning,,AMTEC UPLB,,JJTM,
,Digital Indicator,DI-22,*DI-22*,300334,Functioning,,AMTEC Visayas,,FCP,
,Digital Indicator,DI-23,*DI-23*,DG19091615,Functioning,,AMTEC Visayas,,FCP,
,Dynamometer,DM-01,*DM-01*,,Functioning,,AMTEC UPLB,,OFFICE,
,Dynamometer,DM-02,*DM-02*,,Functioning,,AMTEC UPLB,,OFFICE,
,Dynamometer,DM-03,*DM-03*,,Functioning,,AMTEC UPLB,,OFFICE,
,Dynamometer,DM-04,*DM-04*,,Functioning,,AMTEC UPLB,,OFFICE,
,Dynamometer,DM-05,*DM-05*,,Functioning,,AMTEC UPLB,,OFFICE,
,Dynamometer,DM-06,*DM-06*,,Functioning,,AMTEC UPLB,,OFFICE,
,Dynamometer,DM-07,*DM-07*,,Functioning,,AMTEC UPLB,,OFFICE,
,Dynamometer,DM-08,*DM-08*,,Functioning,,AMTEC UPLB,,OFFICE,
,Dynamometer,DM-09,*DM-09*,,Functioning,,AMTEC UPLB,,OFFICE,
,Flow meter,FM-01,*FM-01*,,Functioning,,AMTEC UPLB,,JJTM,
,Flow meter,FM-02,*FM-02*,,Functioning,,AMTEC UPLB,,JJTM,
,Flow meter,FM-03,*FM-03*,,Functioning,,AMTEC UPLB,,OFFICE,
,Flow meter,FM-04,*FM-04*,,Functioning,,AMTEC UPLB,,OFFICE,
,Flow meter,FM-05,*FM-05*,,Functioning,,AMTEC UPLB,,OFFICE,
,Flow meter,FM-06,*FM-06*,69510068141,Functioning,,AMTEC UPLB,,OFFICE,
,Flow meter,FM-07,*FM-07*,,Functioning,,AMTEC UPLB,,OFFICE,
,Flow meter,GM-07,*GM-07*,OG15374,Functioning,,AMTEC UPLB,,JJTM,
,Hygrometer,THM-04,*THM-04*,,Functioning,,AMTEC UPLB,,MECH LAB,
,Hygrometer,THM-07,*THM-07*,,Functioning,,AMTEC UPLB,,MECH LAB,
,Load Cell,LC-01,*LC-01*,D2205001,Functioning,,AMTEC UPLB,,MECH LAB,
,Load Cell,LC-02,*LC-02*,D2205002,Functioning,,AMTEC UPLB,,MECH LAB,
,Load Cell,LC-03,*LC-03*,D2205006,Functioning,,AMTEC UPLB,,MECH LAB,
,Load Cell,LC-04,*LC-04*,D2205007,Functioning,,AMTEC UPLB,,MECH LAB,
,Load Cell,LC-05,*LC-05*,D2205008,Functioning,,AMTEC UPLB,,MECH LAB,
,Load Cell,LC-06,*LC-06*,D2205009,Functioning,,AMTEC UPLB,,MECH LAB,
,Load Cell,LC-07,*LC-07*,D2205010,Functioning,,AMTEC UPLB,,MECH LAB,
,Load Cell,LC-08,*LC-08*,D2206016,Functioning,,AMTEC UPLB,,MECH LAB,
,Load Cell,LC-09,*LC-09*,D2206018,Functioning,,AMTEC UPLB,,MECH LAB,
,Load Cell,LC-10,*LC-10*,D2203011,Functioning,,AMTEC UPLB,,MECH LAB,
,Load Cell,LC-11,*LC-11*,D2203015,Functioning,,AMTEC UPLB,,MECH LAB,
,Load Cell,LC-12,*LC-12*,D2205036,Functioning,,AMTEC UPLB,,MECH LAB,
,Load Cell,LC-13,*LC-13*,D2205037,Functioning,,AMTEC UPLB,,MECH LAB,
,Load Cell,LC-14,*LC-14*,D2205038,Functioning,,AMTEC UPLB,,MECH LAB,
,Load Cell,LC-15,*LC-15*,D2205041,Functioning,,AMTEC UPLB,,MECH LAB,
,Load Cell,LC-16,*LC-16*,D2205045,Functioning,,AMTEC UPLB,,MECH LAB,
,Load Cell,LC-17,*LC-17*,D2205049,Functioning,,AMTEC UPLB,,MECH LAB,
,Load Cell,LC-18,*LC-18*,D2207059,Functioning,,AMTEC UPLB,,MECH LAB,
,Load Cell,LC-19,*LC-19*,D1308169,Functioning,,AMTEC UPLB,,MECH LAB,
,Load Cell,LC-20,*LC-20*,,Functioning,,AMTEC UPLB,,MECH LAB,
,Load Cell,LC-21,*LC-21*,,Functioning,,AMTEC UPLB,,MECH LAB,
,Load Cell,LC-22,*LC-22*,201613966,Functioning,,AMTEC UPLB,,JJTM,
,Load Cell,LC-23,*LC-23*,201613974,Functioning,,AMTEC UPLB,,JJTM,
,Load Cell,LC-24,*LC-24*,201613964,Functioning,,AMTEC UPLB,,JJTM,
,Load Cell,LC-25,*LC-25*,201613963,Functioning,,AMTEC UPLB,,JJTM,
,Load Cell,LC-26,*LC-26*,201613965,Functioning,,AMTEC UPLB,,JJTM,
,Load Cell,LC-27,*LC-27*,201608843,Functioning,,AMTEC UPLB,,JJTM,
,Load Cell,LC-28,*LC-28*,201707515,Functioning,,AMTEC UPLB,,JJTM,
,Load Cell Junction Box,LCJB-01,*LCJB-01*,,Functioning,,AMTEC UPLB,,JJTM,
,Magnetic Detector,MD-01,*MD-01*,,Functioning,,AMTEC UPLB,,MECH LAB,
,Magnetic Detector,MD-02,*MD-02*,,Functioning,,AMTEC UPLB,,MECH LAB,
,Microcomputer,MCM-01,*MCM-01*,,Functioning,,AMTEC UPLB,,JJTM,
,Microcomputer,MCM-02,*MCM-02*,,Functioning,,AMTEC UPLB,,JJTM,
,Microcomputer,MCM-03,*MCM-03*,,Functioning,,AMTEC UPLB,,JJTM,
,Microcontroller,MC-01,*MC-01*,,Functioning,,AMTEC UPLB,,JJTM,
,Microcontroller,MC-02,*MC-02*,,Functioning,,AMTEC UPLB,,JJTM,
,Microcontroller,MC-03,*MC-03*,,Functioning,,AMTEC UPLB,,JJTM,
,Multimeter,MM-02,*MM-02*,,Functioning,,AMTEC UPLB,,MECH LAB,
,Optical Detector,OD-01,*OD-01*,,For Repair,,AMTEC UPLB,,MECH LAB,
,Platform Scale,PS-01,*PS-01*,,Functioning,,AMTEC UPLB,,MECH LAB,
,Platform Scale,PS-02,*PS-02*,,Functioning,,AMTEC UPLB,,MECH LAB,
,Power Meter,PM-01,*PM-01*,,Functioning,,AMTEC UPLB,,MJBR,
,Pressure Gauge,PG-01,*PG-01*,,Functioning,,AMTEC UPLB,,MECH LAB,
,Pressure Gauge,PG-02,*PG-02*,,Functioning,,AMTEC UPLB,,MJBR,
,Pressure Gauge,PG-03,*PG-03*,,Functioning,,AMTEC UPLB,,MECH LAB,
,Pressure Gauge,PG-04,*PG-04*,,Functioning,,AMTEC UPLB,,MJBR,
,Pressure Gauge,PG-05,*PG-05*,,Functioning,,AMTEC UPLB,,MECH LAB,
,Pressure Gauge,PG-06,*PG-06*,,Functioning,,AMTEC UPLB,,MECH LAB,
,Pressure Gauge,PG-07,*PG-07*,,Functioning,,AMTEC UPLB,,MJBR,
,Pressure Gauge,PG-08,*PG-08*,,Functioning,,AMTEC UPLB,,MECH LAB,
,Pressure Gauge,PG-09,*PG-09*,,Functioning,,AMTEC UPLB,,MECH LAB,
,Pressure Gauge,PG-10,*PG-10*,8220810-4001,Functioning,,AMTEC UPLB,,MECH LAB,
,Pressure Gauge,PG-11,*PG-11*,,Functioning,,AMTEC UPLB,,MECH LAB,
,Pressure Gauge,PG-12,*PG-12*,8220810-4003,Functioning,,AMTEC UPLB,,MECH LAB,
,Pressure Gauge,PG-13,*PG-13*,S00710802001,Functioning,,AMTEC UPLB,,FJRA,
,Pressure Gauge,PG-14,*PG-14*,S00710802002,Functioning,,AMTEC UPLB,,MECH LAB,
,Pressure Gauge,PG-15,*PG-15*,S00710802003,Functioning,,AMTEC UPLB,,MECH LAB,
,Pressure Gauge,PG-16,*PG-16*,S00703301001,Functioning,,AMTEC UPLB,,MECH LAB,
,Pressure Gauge,PG-17,*PG-17*,S00703301005,Functioning,,AMTEC UPLB,,MECH LAB,
,Pressure Gauge,PG-18,*PG-18*,S00703301008,Functioning,,AMTEC UPLB,,MECH LAB,
,Pressure Transducer,PT-01,*PT-01*,528056,Functioning,,AMTEC UPLB,,JJTM,
,Pressure Transducer,PT-02,*PT-02*,,Functioning,,AMTEC UPLB,,JJTM,
,Pressure Transducer,PT-03,*PT-03*,20923038,Functioning,,AMTEC UPLB,,MECH LAB,
,Pressure Transducer,PT-04,*PT-04*,20923039,Functioning,,AMTEC UPLB,,MECH LAB,
,Pressure Transducer,PT-05,*PT-05*,20923040,Functioning,,AMTEC UPLB,,MECH LAB,
,Rotary Encoder,RE-01,*RE-01*,,Functioning,,AMTEC UPLB,,JJTM,
,Rotary Encoder,RE-02,*RE-02*,,Functioning,,AMTEC UPLB,,OFFICE,
,Rotary Encoder,RE-03,*RE-03*,,Functioning,,AMTEC UPLB,,OFFICE,
,Rotary Encoder,RE-04,*RE-04*,,Functioning,,AMTEC UPLB,,OFFICE,
,Rotary Encoder,RE-05,*RE-05*,,Functioning,,AMTEC UPLB,,OFFICE,
,Rotary Encoder,RE-06,*RE-06*,,Functioning,,AMTEC UPLB,,OFFICE,
,Rotary Encoder,RE-07,*RE-07*,,Functioning,,AMTEC UPLB,,OFFICE,
,Rotary Encoder,RE-08,*RE-08*,,Functioning,,AMTEC UPLB,,OFFICE,
,Rotary Encoder,RE-09,*RE-09*,,Functioning,,AMTEC UPLB,,OFFICE,
,Rotary Encoder,RE-10,*RE-10*,,Functioning,,AMTEC UPLB,,OFFICE,
,Rotary Encoder,RE-11,*RE-11*,,Functioning,,AMTEC UPLB,,OFFICE,
,Signal Conditioner,SC-01,*SC-01*,,Functioning,,AMTEC UPLB,,OFFICE,
,Speed Proximity Sensor,SPS-01,*SPS-01*,,Functioning,,AMTEC UPLB,,MECH LAB,
,Speed Proximity Sensor,SPS-02,*SPS-02*,,Functioning,,AMTEC UPLB,,MECH LAB,
,Speed Proximity Sensor,SPS-03,*SPS-03*,,Functioning,,AMTEC UPLB,,OFFICE,
,Speed Proximity Sensor,SPS-04,*SPS-04*,,Functioning,,AMTEC UPLB,,JJTM,
,Speed Proximity Sensor,SPS-05,*SPS-05*,,Functioning,,AMTEC UPLB,,JJTM,
,Speed Proximity Sensor,SPS-06,*SPS-06*,,Functioning,,AMTEC Visayas,,FCP,
,Soldering Station,SS-01,*SS-01*,,Functioning,,AMTEC UPLB,,JJTM,
,Sound Level Meter,SLM-08,*SLM-08*,,For Repair,,AMTEC UPLB,,MECH LAB,
,Tachometer,,**,,Functioning,,AMTEC UPLB,,MECH LAB,
,Tachometer,TM-11,*TM-11*,,Functioning,,AMTEC UPLB,,MECH LAB,
,Tachometer,,,,Functioning,,AMTEC UPLB,,MECH LAB,
,Test Weight,TW-01,*TW-01*,10025950,Functioning,,AMTEC UPLB,,MJBR,
,Test Weight,TW-02,*TW-02*,,Functioning,,AMTEC UPLB,,MJBR,
,Test Weight,TW-03,*TW-03*,,Functioning,,AMTEC UPLB,,MJBR,
,Thermometer,,,,Functioning,,AMTEC UPLB,,MECH LAB,
,Thermometer,,,,Functioning,,AMTEC UPLB,,MECH LAB,
,Thermometer,,,,Functioning,,AMTEC UPLB,,MECH LAB,
,Torque Transducer,TT-01,*TT-01*,JH7510003,Functioning,,AMTEC UPLB,,MECH LAB,
,Torque Transducer,TT-02,*TT-02*,JN9860004,Functioning,,AMTEC UPLB,,JJTM,
,Torque Transducer,TT-03,*TT-03*,,Functioning,,AMTEC UPLB,,OFFICE,
,Torque Transducer,TT-04,*TT-04*,,Functioning,,AMTEC UPLB,,OFFICE,
,Torque Transducer,TT-05,*TT-05*,,Functioning,,AMTEC UPLB,,MECH LAB,
,Torque Transducer,TT-06,*TT-06*,21170008,Functioning,,AMTEC UPLB,,MECH LAB,
,,,,,,,,,,
,FIELD INSTRUMENTS,,,,,,,,,
,Instrument,Instrument Code,,Serial Number,Status,Status Notes,Location,Location Notes,Issued to,
,Air Velocity Meter,AVM-01,*AVM-01*,37080045,Functioning,,AMTEC UPLB,,OFFICE,
,Air Velocity Meter,AVM-02,*AVM-02*,37140039,Functioning,,AMTEC UPLB,,OFFICE,
,Air Velocity Meter,AVM-03,*AVM-03*,37910006,Functioning,,AMTEC UPLB,,OFFICE,
,Air Velocity Meter,AVM-04,*AVM-04*,Q586965,Functioning,,AMTEC UPLB,,OFFICE,
,Air Velocity Meter,AVM-05,*AVM-05*,16440410012,Functioning,,AMTEC UPLB,,OFFICE,
,Air Velocity Meter,AVM-06,*AVM-06*,58140064,Functioning,,Borrowed,Cris Dave Balauag (DEE),OTHERS,
,Air Velocity Meter,AVM-07,*AVM-07*,58140063,Functioning,,AMTEC UPLB,,OFFICE,
,Air Velocity Meter,AVM-08,*AVM-08*,58140062,Functioning,,AMTEC UPLB,,OFFICE,
,Air Velocity Meter,AVM-09,*AVM-09*,58140061,For Repair,Umaangat casing,AMTEC UPLB,,OFFICE,
,Air Velocity Meter,AVM-10,*AVM-10*,58140034,Functioning,,AMTEC UPLB,,OFFICE,
,Air Velocity Meter,AVM-11,*AVM-11*,84641960,Functioning,,AMTEC UPLB,,OFFICE,
,Air Velocity Meter,AVM-12,*AVM-12*,84649930,Functioning,,Borrowed,AFBED,OTHERS,
,Air Velocity Meter,AVM-13,*AVM-13*,84300539,Functioning,for tagging,On trip,,OFFICE,
,Air Velocity Meter,AVM-14,*AVM-14*,84557731,Functioning,for tagging,On trip,,OFFICE,
,Ammeter,AM-01,*AM-01*,42525,Functioning,,AMTEC UPLB,,OFFICE,
,Blood Pressure Monitor,BP-01,*BP-01*,,Functioning,,AMTEC UPLB,Admin,ADMIN,
,Caliper,VC-01,*VC-01*,A16296477,Functioning,,AMTEC UPLB,,GRAIN LAB,
,Caliper,VC-02,*VC-02*,A16296456,Functioning,,AMTEC UPLB,,OFFICE,
,Caliper,VC-03,*VC-03*,,Functioning,,AMTEC UPLB,,OFFICE,
,Caliper,VC-04,*VC-04*,A19042692,Functioning,,AMTEC UPLB,,OFFICE,
,Caliper,VC-05,*VC-05*,,Functioning,,AMTEC UPLB,,OFFICE,
,Caliper,VC-06,*VC-06*,17115154,Functioning,,AMTEC Mindanao,,GYMR,
,Caliper,VC-07,*VC-07*,B20-060521,Functioning,,AMTEC UPLB,,OFFICE,
,Caliper,VC-08,*VC-08*,9416375,Functioning,,AMTEC Mindanao,,GYMR,
,Caliper,VC-09,*VC-09*,9416380,Functioning,,AMTEC UPLB,,OFFICE,
,Caliper,VC-10,*VC-10*,9416364,Functioning,working; need to press battery,AMTEC UPLB,,OFFICE,
,Caliper,VC-11,*VC-11*,9416356,Functioning,,AMTEC UPLB,,OFFICE,
,Caliper,VC-12,*VC-12*,A22196560,Functioning,,AMTEC UPLB,,OFFICE,
,Caliper,VC-13,*VC-13*,A22196558,Functioning,,AMTEC UPLB,,OFFICE,
,Caliper,VC-14,*VC-14*,-,Functioning,,AMTEC UPLB,,OFFICE,
,Caliper,VC-15,*VC-15*,-,Functioning,,AMTEC UPLB,,OFFICE,
,Caliper,VC-16,*VC-16*,-,Functioning,,AMTEC UPLB,,OFFICE,
,Caliper,VC-17,*VC-17*,-,Functioning,,AMTEC UPLB,,OFFICE,
,Camera,CAM-01,*CAM-01*,C2281327426901,Functioning,,AMTEC UPLB,,OFFICE,
,Camera,CAM-02,*CAM-02*,,Functioning,,AMTEC UPLB,,OFFICE,
,Camera,"CAM-03A
CAM-03B
CAM-03C
CAM-03D
CAM-03E","*CAM-03A
CAM-03B
CAM-03C
CAM-03D
CAM-03E*",,Functioning,,AMTEC UPLB,,OFFICE,
,Camera,CAM-04,*CAM-04*,,Functioning,,AMTEC UPLB,,OFFICE,
,Camera,CAM-05,*CAM-05*,,Functioning,,AMTEC UPLB,,OFFICE,
,Camera,CAM-06,*CAM-06*,,Functioning,,AMTEC UPLB,,OFFICE,
,Camera,CAM-07,*CAM-07*,,Functioning,,AMTEC UPLB,,OFFICE,
,Combustion Analyzer,CA-01,*CA-01*,,Functioning,,AMTEC UPLB,,OFFICE,
,Depth Gauge,DG-01,*DG-01*,,Functioning,,AMTEC UPLB,,OFFICE,
,Dissolved Oxygen Meter,DOM-01,*DOM-01*,,Functioning,,AMTEC UPLB,,OFFICE,
,Drop Cone Penetrometer,DCP-01,*DCP-01*,,Functioning,,AMTEC UPLB,,OFFICE,
,Drop Cone Penetrometer,DCP-02,*DCP-02*,,Functioning,,AMTEC UPLB,,OFFICE,
,Flexible Curve Ruler,FCR-01,*FCR-01*,,Functioning,,AMTEC UPLB,,OFFICE,
,Flue Gas Analyzer,FGA-01,*FGA-01*,7240,Functioning,,AMTEC UPLB,,OFFICE,
,Flue Gas Analyzer,FGA-02,*FGA-02*,7445,Functioning,,AMTEC UPLB,,OFFICE,
,Flue Gas Analyzer,FGA-03,*FGA-03*,7444,Functioning,,AMTEC UPLB,,OFFICE,
,Global Positioning System Map,GPS-01,*GPS-01*,3BP544414,Functioning,,AMTEC UPLB,,OFFICE,
,Global Positioning System Map,GPS-02,*GPS-02*,3BP544399,Functioning,,AMTEC UPLB,,OFFICE,
,Global Positioning System Map,GPS-03,*GPS-03*,3BP544404,Functioning,,AMTEC UPLB,,OFFICE,
,Global Positioning System Map,GPS-04,*GPS-04*,574005972,Functioning,,AMTEC UPLB,,FCP,
,Global Positioning System Map,GPS-05,*GPS-05*,574005971,Functioning,,AMTEC UPLB,for retagging,OFFICE,
,Global Positioning System Map,GPS-06,*GPS-06*,574005969,Functioning,,AMTEC UPLB,,OFFICE,
,Global Positioning System Map,GPS-07,*GPS-07*,574005967,Functioning,,AMTEC UPLB,,OFFICE,
,Graduated Cylinder,GC-01,*GC-01*,,Functioning,,AMTEC UPLB,,OFFICE,
,Graduated Cylinder,GC-02,*GC-02*,,Functioning,2L,AMTEC UPLB,,MECH LAB,
,Graduated Cylinder,GC-03,*GC-03*,,Functioning,"1L, White, new",AMTEC UPLB,for retagging,OFFICE,
,Graduated Cylinder,GC-04,*GC-04*,,Functioning,"1L, with stand",AMTEC UPLB,,MECH LAB,
,Graduated Cylinder,GC-05,*GC-05*,,Functioning,"1L, stout",AMTEC UPLB,,OFFICE,
,Graduated Cylinder,GC-06,*GC-06*,,Functioning,"1L, no stand",AMTEC UPLB,,OFFICE,
,Graduated Cylinder,GC-07,*GC-07*,,Functioning,"500 ml, with stand",AMTEC UPLB,,OFFICE,
,Graduated Cylinder,GC-08,*GC-08*,,Functioning,"500 ml, no stand",AMTEC UPLB,,OFFICE,
,Graduated Cylinder,GC-09,*GC-09*,,Functioning,250 ml,AMTEC UPLB,,OFFICE,
,Graduated Cylinder,GC-10,*GC-10*,,Functioning,250 ml,AMTEC UPLB,,OFFICE,
,Graduated Cylinder,GC-11,*GC-11*,,Functioning,,AMTEC UPLB,,OFFICE,
,Graduated Cylinder,GC-12,*GC-12*,,Functioning,1L,AMTEC UPLB,,OFFICE,
,Graduated Cylinder,GC-13,*GC-13*,,Functioning,1L,AMTEC UPLB,,MECH LAB,
,Graduated Cylinder,GC-14,*GC-14*,,Functioning,1L,AMTEC UPLB,,MECH LAB,
,Graduated Cylinder,GC-15,*GC-15*,,Functioning,,AMTEC UPLB,,OFFICE,
,Graduated Cylinder,GC-16,*GC-16*,,Functioning,1L,AMTEC UPLB,,MECH LAB,
,Graduated Cylinder,GC-17,*GC-17*,,Functioning,1L,On trip,,OFFICE,
,Graduated Cylinder,GC-18,*GC-18*,,Functioning,1L,AMTEC UPLB,,MECH LAB,
,Graduated Cylinder,GC-19,*GC-19*,,Functioning,1L,AMTEC UPLB,,OFFICE,
,Graduated Cylinder,GC-20,*GC-20*,,Functioning,1L,AMTEC UPLB,,Mech Lab,
,Graduated Cylinder,GC-21,*GC-21*,,Functioning,1L,AMTEC UPLB,,OFFICE,
,Graduated Cylinder,GC-22,*GC-22*,,Functioning,2L,On trip,,OFFICE,
,Graduated Cylinder,GC-23,*GC-23*,,Functioning,2L,On trip,,OFFICE,
,Graduated Cylinder,GC-24,*GC-24*,,Functioning,2L,AMTEC UPLB,,OFFICE,
,Graduated Cylinder,GC-25,*GC-25*,,Functioning,2L,AMTEC UPLB,,MECH LAB,
,Graduated Cylinder,GC-26,*GC-26*,,Functioning,2L,AMTEC UPLB,,OFFICE,
,Graduated Cylinder,GC-27,*GC-27*,,Functioning,2L,AMTEC UPLB,,MECH LAB,
,Graduated Cylinder,GC-28,*GC-28*,,Functioning,2L,AMTEC UPLB,,OFFICE,
,Graduated Cylinder,GC-29,*GC-29*,,Functioning,2L,AMTEC UPLB,,MECH LAB,
,Graduated Cylinder,GC-30,*GC-30*,,Functioning,2L,AMTEC UPLB,,OFFICE,
,Graduated Cylinder,GC-31,*GC-31*,,Functioning,2L,AMTEC UPLB,,OFFICE,
,Grain Moisture Meter,GMM-01,*GMM-01*,,Functioning,,AMTEC UPLB,,OFFICE,
,Grain Moisture Meter,GMM-02,*GMM-02*,CB32770,Functioning,,AMTEC UPLB,,OFFICE,
,Grain Moisture Meter,GMM-03,*GMM-03*,CC22381,Functioning,,AMTEC UPLB,,OFFICE,
,Grain Moisture Meter,GMM-04,*GMM-04*,CC22384,Functioning,,On trip,,OFFICE,
,Grain Moisture Meter,GMM-05,*GMM-05*,CC22385,Functioning,,AMTEC UPLB,,OFFICE,
,Grain Moisture Meter,GMM-06,*GMM-06*,CC22386,Functioning,,AMTEC UPLB,,OFFICE,
,Grain Moisture Meter,GMM-07,*GMM-07*,CC22382,Functioning,,On trip,,OFFICE,
,Grain Moisture Meter,GMM-08,*GMM-08*,CC22383,Functioning,for retagging,On trip,,OFFICE,
,Hard Case,HC-01,*HC-01*,,Functioning,,AMTEC UPLB,,OFFICE,
,Hard Case,HC-02,*HC-02*,,Functioning,,On trip,,OFFICE,
,Hard Case,HC-03,*HC-03*,,Functioning,,AMTEC UPLB,,OFFICE,
,Hard Case,HC-04,*HC-04*,,Functioning,,On trip,,OFFICE,
,Hygrometer,THM-01,*THM-01*,36231209,Functioning,,AMTEC UPLB,,OFFICE,
,Hygrometer,THM-02,*THM-02*,36231208,Functioning,,AMTEC UPLB,,OFFICE,
,Hygrometer,THM-03,*THM-03*,36231210,Functioning,,On trip,,OFFICE,
,Hygrometer,THM-04,*THM-04*,36231206,Functioning,,On trip,,OFFICE,
,Hygrometer,THM-05,*THM-05*,41070286,Functioning,,On trip,,OFFICE,
,Hygrometer,THM-06,*THM-06*,51141983,For Repair,Fahrenheit reading only,AMTEC UPLB,,OFFICE,
,Hygrometer,THM-07,*THM-07*,58071518,Functioning,damaged sensor guard,AMTEC UPLB,,OFFICE,
,Hygrometer,THM-08,*THM-08*,FNLO3QU49RC,Functioning,,AMTEC UPLB,,MECH LAB,
,Hygrometer,THM-09,*THM-09*,FNLO44G4RLF,Functioning,damaged sensor guard,AMTEC UPLB,,OFFICE,
,Hygrometer,THM-10,*THM-10*,FNLO1VXUWTQ,Functioning,,On trip,,OFFICE,
,Hygrometer,THM-11,*THM-11*,FNLO2JDNED6,Functioning,,AMTEC UPLB,,MECH LAB,
,Hygrometer,THM-12,*THM-12*,12001009,Functioning,,AMTEC UPLB,,OFFICE,
,Infrared Thermometer,IFT-01,*IFT-01*,60731035WS,Functioning,,AMTEC UPLB,,MECH LAB,
,Infrared Thermometer,IFT-02,*IFT-02*,60731144WS,Functioning,,AMTEC UPLB,Jerome,OFFICE,
,Leveler,no code,*no code*,,Functioning,,On trip,,OFFICE,
,Leveler,LV-01,*LV-01*,,Functioning,,AMTEC UPLB,,OFFICE,
,Leveler,LV-02,*LV-02*,,Functioning,,AMTEC UPLB,,OFFICE,
,Line Laser Level,LLL-01,*LLL-01*,"0 601 063 M80
901000144",Functioning,,AMTEC UPLB,,MECH LAB,
,Load cell,-,*-*,,Functioning,,AMTEC UPLB,,OFFICE,
,Manometer,MNM-01,*MNM-01*,31100287,Functioning,,AMTEC UPLB,,OFFICE,
,Manometer,MNM-02,*MNM-02*,31100428,Functioning,,AMTEC UPLB,AFBED,OFFICE,
,Manometer,MNM-03,*MNM-03*,437-8931 5706261693,Functioning,,AMTEC UPLB,,OFFICE,
,Manometer,MNM-04,*MNM-04*,,Functioning,,AMTEC UPLB,,OFFICE,
,Manometer,MNM-06,*MNM-06*,437-8931 5706261702,Functioning,,AMTEC UPLB,,OFFICE,
,Manometer,MNM-05,*MNM-05*,437-8931 5706261676,Functioning,Broken port,Borrowed,,OTHERS,
,Measuring Tape,AMD property,*AMD property*,,Functioning,no battery,On trip,,OFFICE,
,Measuring Tape,LT-01,*LT-01*,,Functioning,no battery,On trip,,OFFICE,
,Measuring Tape,LT-02,*LT-02*,,Functioning,Missing tape portion,AMTEC UPLB,,OFFICE,
,Measuring Tape,LT-03,*LT-03*,,Functioning,Missing winder,AMTEC UPLB,,OFFICE,
,Measuring Tape,LT-04,*LT-04*,,Functioning,Missing tape portion,AMTEC UPLB,,OFFICE,
,Measuring Tape,LT-05,*LT-05*,,Functioning,Missing tape portion,AMTEC UPLB,,OFFICE,
,Measuring Tape,LT-06,*LT-06*,,Functioning,Missing tape portion,AMTEC UPLB,,OFFICE,
,Measuring Tape,LT-07,*LT-07*,,Functioning,Missing tape portion,AMTEC UPLB,,OFFICE,
,Measuring Tape,LT-08,*LT-08*,,Functioning,,AMTEC UPLB,,OFFICE,
,Measuring Tape,LT-09,*LT-09*,,Functioning,,AMTEC UPLB,,OFFICE,
,Measuring Tape,LT-10,*LT-10*,,Functioning,,AMTEC UPLB,,OFFICE,
,Measuring Tape,LT-11,*LT-11*,,Functioning,"Missing tape portion, do not use",On trip,,OFFICE,
,Measuring Tape,LT-12,*LT-12*,,Functioning,"Missing tape portion, do not use",AMTEC UPLB,,OFFICE,
,Measuring Tape,LT-13,*LT-13*,,Functioning,,AMTEC UPLB,,OFFICE,
,Measuring Tape,LT-14,*LT-14*,,Functioning,,On trip,,OFFICE,
,Measuring Tape,LT-15,*LT-15*,,Functioning,do not use,AMTEC UPLB,,OFFICE,
,Measuring Tape,LT-16,*LT-16*,,Functioning,,AMTEC UPLB,,OFFICE,
,Measuring Tape,LT-17,*LT-17*,,Functioning,do not use,AMTEC UPLB,,OFFICE,
,Measuring Tape,LT-18,*LT-18*,,Functioning,,AMTEC UPLB,,OFFICE,
,Measuring Tape,LT-19,*LT-19*,,Functioning,,AMTEC UPLB,,OFFICE,
,Measuring Tape,LT-20,*LT-20*,,Functioning,,AMTEC UPLB,,OFFICE,
,Measuring Tape,LT-21,*LT-21*,,Functioning,,On trip,,OFFICE,
,Measuring Tape,LT-22,*LT-22*,,Functioning,,AMTEC UPLB,,OFFICE,
,Measuring Tape,LT-23,*LT-23*,,Functioning,,On trip,,OFFICE,
,Measuring Tape,LT-24,*LT-24*,,Functioning,,AMTEC UPLB,,OFFICE,
,Measuring Tape,LT-25,*LT-25*,,Functioning,,AMTEC UPLB,,OFFICE,
,Measuring Tape,LT-26,*LT-26*,,Functioning,,AMTEC UPLB,,OFFICE,
,Measuring Tape,LT-27,*LT-27*,,Functioning,,AMTEC UPLB,,OFFICE,
,Measuring Tape,LT-28,*LT-28*,,Functioning,,AMTEC UPLB,,OFFICE,
,Micrometer,-,,,Functioning,,AMTEC UPLB,,OFFICE,
,Metal Analyzer,MA-01,*MA-01*,,Functioning,,AMTEC UPLB,,OFFICE,
,Metal Analyzer,MA-02,*MA-02*,500N110013,Functioning,,On trip,,OFFICE,
,Metal Analyzer,MA-03,*MA-03*,,Functioning,,AMTEC Visayas,,FCP,
,Multimeter,MM-01,*MM-01*,16055100009,Functioning,,AMTEC Mindanao,,GRAIN LAB,
,Multimeter,MM-02,*MM-02*,1605510020,Functioning,No battery,AMTEC UPLB,,OFFICE,
,Multimeter,MM-02,*MM-02*,16055100018,Functioning,,AMTEC UPLB,,OFFICE,
,Multimeter,MM-03,*MM-03*,16055100019,For Repair,,AMTEC UPLB,,OFFICE,
,Multimeter,MM-04,*MM-04*,8204266,For Repair,,AMTEC UPLB,,OFFICE,
,Multimeter,MM-05,*MM-05*,8204137,Functioning,,AMTEC UPLB,,MECH LAB,
,Multimeter,MM-06,*MM-06*,8204138,Functioning,,AMTEC UPLB,,OFFICE,
,Power Meter,CM-01,*CM-01*,,Functioning,,AMTEC UPLB,,OFFICE,
,Power Meter,CM-02,*CM-02*,,Functioning,,AMTEC UPLB,,OFFICE,
,Power Meter,CM-03,*CM-03*,,Functioning,,AMTEC UPLB,,OFFICE,
,Power Meter,CM-04,*CM-04*,,Functioning,,AMTEC UPLB,,OFFICE,
,Power Meter,CM-05,*CM-05*,19115100675,Functioning,,AMTEC UPLB,,OFFICE,
,Power Meter,CM-06,*CM-06*,,Functioning,,AMTEC UPLB,,OFFICE,
,Power Meter,CM-07,*CM-07*,53030136WS,Functioning,,AMTEC UPLB,,OFFICE,
,Power Meter,CM-08,*CM-08*,53030141WS,Functioning,,On trip,,OFFICE,
,Power Meter,CM-09,*CM-09*,,Functioning,,On trip,,OFFICE,
,Power Meter,CM-10,*CM-10*,Z338770,Functioning,,AMTEC UPLB,,OFFICE,
,Power Meter,CM-11,*CM-11*,201900277586,Functioning,,AMTEC UPLB,,OFFICE,
,Power Meter,CM-12,*CM-12*,51560008WS,Functioning,,AMTEC UPLB,,OFFICE,
,Power Meter,CM-13,*CM-13*,51560001WS,Functioning,,AMTEC UPLB,,OFFICE,
,Power Meter,CM-14,*CM-14*,20035100888,Functioning,,AMTEC UPLB,,OFFICE,
,Power Meter,CM-15,*CM-15*,58420044WS,Functioning,,AMTEC UPLB,,OFFICE,
,Power Meter,CM-16,*CM-16*,51700251WS,Functioning,,AMTEC UPLB,,OFFICE,
,Power Meter,CM-17,*CM-17*,51700203WS,For Repair,battery terminal,AMTEC UPLB,,OFFICE,
,Power Meter,CM-18,*CM-18*,58070025WS,Functioning,,On trip,,OFFICE,
,Power Meter,CM-19,*CM-19*,51700254WS,Functioning,,On trip,,OFFICE,
,Power Meter,"EL-01A
EL-01B","*EL-01A
EL-01B*",56474247,Functioning,,AMTEC UPLB,,OFFICE,
,Power Meter,"EL-02A
EL-02B","*EL-02A
EL-02B*",60494223,Functioning,,AMTEC UPLB,,OFFICE,
,Power Meter,"EL-03A
EL-03B","*EL-03A
EL-03B*",60464202,Functioning,,AMTEC UPLB,,OFFICE,
,Power Meter,"EL-04A
EL-04B","*EL-04A
EL-04B*",60494209,Functioning,,AMTEC UPLB,,OFFICE,
,Power Meter,"EL-05A
EL-05B","*EL-05A
EL-05B*",57314413,Functioning,,AMTEC UPLB,,OFFICE,
,Psychrometer,PSY-01,*PSY-01*,,Functioning,,AMTEC UPLB,,OFFICE,
,"Pyranometer
 Reader/Logger","PM-01A
PM-01B","*PM-01A
PM-01B*","47726
16110668",Functioning,,AMTEC UPLB,,OFFICE,
,Pyranometer,PM-02,*PM-02*,2525,Functioning,to be paired with Thies Clima Handylog,AMTEC UPLB,,OFFICE,
,"Pyranometer
 Reader/Logger","PM-03A
PM-03B","*PM-03A
PM-03B*","LM2-6520
108448",Functioning,,AMTEC UPLB,,OFFICE,
,"Pyranometer
 Adapter","PM-04A
PM-04B","*PM-04A
PM-04B*",111101,Functioning,,AMTEC UPLB,,OFFICE,
,"Pyranometer
 Reader/Logger","PM-05A
PM-05B","*PM-05A
PM-05B*","LM2-7182
110757",Functioning,to be paired with PM-02,AMTEC UPLB,,OFFICE,
,Pyranometer,PM-06,*PM-06*,71324,Functioning,no battery,AMTEC UPLB,Note: Reader is in AMTEC Visayas,OFFICE,
,Pyranometer Logger,PM-07,*PM-07*,"02010919
03220004",Functioning,,AMTEC UPLB,,OFFICE,
,"Pyranometer
 Reader/Logger",RAED IV-A,*RAED IV-A*,,Functioning,no battery,AMTEC UPLB,,OFFICE,
,"Pyranometer
 Reader/Logger",PM-08,*PM-08*,"LM2-7615
112758",Functioning,,AMTEC UPLB,,OFFICE,
,"Pyranometer
 Reader/Logger",PM-09,*PM-09*,"LM2-7614
112756",Functioning,,AMTEC UPLB,,OFFICE,
,"Pyranometer
 Reader/Logger",PM-10,*PM-10*,"LM2-7616
112759",Functioning,,AMTEC UPLB,,OFFICE,
,"Pyranometer
 Reader/Logger",PM-11,*PM-11*,"LM2-7613
112757",Functioning,,AMTEC UPLB,,OFFICE,
,"Pyranometer
 Reader/Logger",PM-12,*PM-12*,"2553
1560FNFGI7D1",Functioning,,AMTEC UPLB,,OFFICE,
,Rangefinder,RF-01,*RF-01*,2019K001341,Functioning,,AMTEC UPLB,,OFFICE,
,Rangefinder,RF-02,*RF-02*,,Functioning,,AMTEC UPLB,,OFFICE,
,Ruler,,,,Functioning,,AMTEC UPLB,,OFFICE,
,Soil Moisture Meter,SMM-01,*SMM-01*,T35011240,Functioning,,AMTEC UPLB,,OFFICE,
,Soil Moisture Meter,SMM-02,*SMM-02*,T35011238,Functioning,,AMTEC UPLB,,OFFICE,
,Soil Moisture Meter,SMM-03,*SMM-03*,T35011239,Functioning,,AMTEC UPLB,,OFFICE,
,Soil Penetrometer,SP-01,*SP-01*,3740,For Repair,no reading,AMTEC UPLB,,OFFICE,
,Soil Penetrometer,SP-02,*SP-02*,3975,Functioning,,AMTEC UPLB,,OFFICE,
,Soil Penetrometer,SP-03,*SP-03*,,Functioning,,AMTEC UPLB,,OFFICE,
,Soil Penetrometer,SP-04,*SP-04*,,Functioning,,AMTEC UPLB,,OFFICE,
,Soil Penetrometer,SP-05,*SP-05*,3975,Functioning,,AMTEC UPLB,,OFFICE,
,Soil Penetrometer,SP-06,*SP-06*,3950,For Repair,damaged screen,AMTEC UPLB,,OFFICE,
,Soil Penetrometer,SP-07,*SP-07*,3964,Functioning,,AMTEC UPLB,,OFFICE,
,Sound Level Meter,SLM-01,*SLM-01*,160127,Functioning,,AMTEC UPLB,,OFFICE,
,Sound Level Meter,SLM-02,*SLM-02*,160195,Functioning,,AMTEC UPLB,,OFFICE,
,Sound Level Meter,SLM-03,*SLM-03*,160185,Functioning,,AMTEC UPLB,,OFFICE,
,Sound Level Meter,SLM-04,*SLM-04*,160136,Functioning,,AMTEC UPLB,,OFFICE,
,Sound Level Meter,SLM-05,*SLM-05*,,For Condemning,Missing wind screen,AMTEC UPLB,,OFFICE,
,Sound Level Meter,SLM-06,*SLM-06*,161001846,Functioning,for retagging; damaged LCD,AMTEC UPLB,,OFFICE,
,Sound Level Meter,SLM-07,*SLM-07*,180901915,Functioning,,AMTEC UPLB,,OFFICE,
,Sound Level Meter,SLM-08,*SLM-08*,200305015,Functioning,,AMTEC UPLB,,OFFICE,
,Sound Level Meter,SLM-09,*SLM-09*,45860370,Functioning,for retagging,AMTEC UPLB,,OFFICE,
,Sound Level Meter,SLM-10,*SLM-10*,211202647,Functioning,for retagging,AMTEC UPLB,,OFFICE,
,Sound Level Meter,SLM-11,*SLM-11*,211202648,For Condemning,,AMTEC UPLB,,OFFICE,
,Sound Level Meter,SLM-12,*SLM-12*,210701195,For Repair,rechargable battery,AMTEC UPLB,,OFFICE,
,Sound Level Meter,SLM-13,*SLM-13*,211202651,Functioning,,AMTEC UPLB,,OFFICE,
,Sound Level Meter,SLM-14,*SLM-14*,65100400,Functioning,,On trip,,OFFICE,
,Sound Level Meter,SLM-15,*SLM-15*,65100399,Functioning,,AMTEC UPLB,,OFFICE,
,Sound Level Meter,SLM-16,*SLM-16*,64200175,Functioning,,On trip,,OFFICE,
,Sound Level Meter,SLM-17,*SLM-17*,64200177,Functioning,,On trip,,OFFICE,
,Sound Level Meter,SLM-18,*SLM-18*,64200180,Functioning,,AMTEC UPLB,,OFFICE,
,Sound Level Meter Calibrator,SLC-01,*SLC-01*,73295,Functioning,,AMTEC UPLB,,OFFICE,
,Sound Level Meter Calibrator,SLC-02,*SLC-02*,160400027,Functioning,,AMTEC UPLB,,OFFICE,
,Sound Level Meter Calibrator,SLC-03,*SLC-03*,230400067,Functioning,,AMTEC UPLB,,OFFICE,
,Sound Level Meter Calibrator,SLC-04,*SLC-04*,230400073,Functioning,,AMTEC UPLB,,OFFICE,
,Steel Tape,ST-01,*ST-01*,,Functioning,,AMTEC UPLB,,OFFICE,
,Steel Tape,ST-02,*ST-02*,,Functioning,,AMTEC UPLB,,OFFICE,
,Steel Tape,ST-03,*ST-03*,,Functioning,,AMTEC UPLB,,OFFICE,
,Steel Tape,ST-04,*ST-04*,,Functioning,,AMTEC UPLB,,OFFICE,
,Steel Tape,ST-05,*ST-05*,,Functioning,,AMTEC UPLB,,OFFICE,
,Stopwatch,SW-01,*SW-01*,,Functioning,,AMTEC UPLB,,OFFICE,
,Stopwatch,SW-02,*SW-02*,,Functioning,,AMTEC UPLB,,OFFICE,
,Stopwatch,SW-03,*SW-03*,,Functioning,,AMTEC UPLB,,OFFICE,
,Stopwatch,SW-04,*SW-04*,,Functioning,,AMTEC UPLB,,OFFICE,
,Stopwatch,SW-05,*SW-05*,,Functioning,,AMTEC UPLB,,OFFICE,
,Stopwatch,SW-06,*SW-06*,,Functioning,,AMTEC UPLB,,OFFICE,
,Stopwatch,SW-07,*SW-07*,,Functioning,,AMTEC UPLB,,OFFICE,
,Stopwatch,SW-08,*SW-08*,,Functioning,,AMTEC UPLB,,OFFICE,
,Stopwatch,SW-09,*SW-09*,,Functioning,,AMTEC UPLB,,OFFICE,
,Stopwatch,SW-10,*SW-10*,,Functioning,,AMTEC UPLB,,OFFICE,
,Stopwatch,SW-11,*SW-11*,,Functioning,,AMTEC UPLB,,OFFICE,
,Stopwatch,SW-12,*SW-12*,,Functioning,,AMTEC UPLB,,OFFICE,
,Stopwatch,SW-13,*SW-13*,,Functioning,,AMTEC UPLB,,OFFICE,
,Stopwatch,SW-14,*SW-14*,,Functioning,,AMTEC UPLB,,OFFICE,
,Stopwatch,SW-15,*SW-15*,,Functioning,di na ma-reset,AMTEC UPLB,,OFFICE,
,Stopwatch,SW-16,*SW-16*,,Functioning,,AMTEC UPLB,,OFFICE,
,Stopwatch,SW-17,*SW-17*,,Functioning,,AMTEC UPLB,,OFFICE,
,Stopwatch,SW-18,*SW-18*,,Functioning,,AMTEC UPLB,,OFFICE,
,Stopwatch,SW-19,*SW-19*,,Functioning,,AMTEC UPLB,,OFFICE,
,Stopwatch,SW-20,*SW-20*,,Functioning,,AMTEC UPLB,,OFFICE,
,Stopwatch,SW-21,*SW-21*,,Functioning,,AMTEC UPLB,,OFFICE,
,Stopwatch,SW-22,*SW-22*,,Functioning,,On trip,,OFFICE,
,Stopwatch,SW-23,*SW-23*,,Functioning,,AMTEC UPLB,,OFFICE,
,Stopwatch,SW-24,*SW-24*,,Functioning,,AMTEC UPLB,,OFFICE,
,Stopwatch,SW-25,*SW-25*,,Functioning,,AMTEC UPLB,,OFFICE,
,Stopwatch,SW-26,*SW-26*,,Functioning,,AMTEC UPLB,,OFFICE,
,Stopwatch,SW-27,*SW-27*,,Functioning,,On trip,,OFFICE,
,Stopwatch,SW-28,*SW-28*,,Functioning,,AMTEC UPLB,,OFFICE,
,Stopwatch,SW-29,*SW-29*,,Functioning,,AMTEC UPLB,,OFFICE,
,Stopwatch,SW-30,*SW-30*,,Functioning,,AMTEC UPLB,,OFFICE,
,Stopwatch,SW-31,*SW-31*,,Functioning,,AMTEC UPLB,,OFFICE,
,Stopwatch,SW-32,*SW-32*,,Functioning,for retagging,AMTEC UPLB,,OFFICE,
,Stopwatch,SW-33,*SW-33*,,Functioning,for retagging,AMTEC UPLB,,OFFICE,
,Stopwatch,SW-34,*SW-34*,,Functioning,,On trip,,OFFICE,
,Stopwatch,SW-35,*SW-35*,,Functioning,,On trip,,OFFICE,
,Stopwatch,SW-36,*SW-36*,,Functioning,,AMTEC UPLB,,OFFICE,
,Stopwatch,SW-37,*SW-37*,,Functioning,,On trip,,OFFICE,
,Stopwatch,SW-38,*SW-38*,,Functioning,,AMTEC UPLB,,OFFICE,
,Tachometer,TM-01,*TM-01*,,Functioning,,AMTEC UPLB,,OFFICE,
,Tachometer,TM-02,*TM-02*,,Functioning,,AMTEC UPLB,,OFFICE,
,Tachometer,TM-03,*TM-03*,,Functioning,,AMTEC UPLB,,OFFICE,
,Tachometer,TM-04,*TM-04*,,Functioning,Missing case; detached wiring,AMTEC UPLB,,OFFICE,
,Tachometer,TM-05,*TM-05*,,Functioning,for retagging,AMTEC UPLB,,OFFICE,
,Tachometer,TM-06,*TM-06*,1P151232489,Functioning,Missing contact attachment,AMTEC UPLB,,OFFICE,
,Tachometer,TM-07,*TM-07*,,Functioning,,AMTEC UPLB,,OFFICE,
,Tachometer,TM-08,*TM-08*,,Functioning,,AMTEC UPLB,,OFFICE,
,Tachometer,TM-09,*TM-09*,,Functioning,,On trip,,OFFICE,
,Tachometer,TM-10,*TM-10*,,Functioning,,AMTEC UPLB,,OFFICE,
,Tachometer,TM-11,*TM-11*,,Functioning,no battery,AMTEC UPLB,,OFFICE,
,Tachometer,TM-12,*TM-12*,,Functioning,,AMTEC UPLB,,OFFICE,
,Tachometer,AMD property,*AMD property*,I 353446,Functioning,,AMTEC UPLB,,OFFICE,
,Tachometer,TM-13,*TM-13*,"2044026
5162025",Functioning,,AMTEC UPLB,,OFFICE,
,Tachometer,TM-14,*TM-14*,G221003,Functioning,,AMTEC UPLB,,OFFICE,
,Tachometer,TM-15,*TM-15*,G221004,Functioning,,AMTEC UPLB,,OFFICE,
,Tachometer,TM-16,*TM-16*,G221002,Functioning,,AMTEC UPLB,,OFFICE,
,Tachometer,TM-17,*TM-17*,G221001,Functioning,,AMTEC UPLB,,OFFICE,
,Tachometer,TM-18,*TM-18*,G221005,Functioning,,AMTEC UPLB,,OFFICE,
,Tachometer,TM-19,*TM-19*,D221003,Functioning,,AMTEC UPLB,,OFFICE,
,Tachometer,TM-20,*TM-20*,D221001,Functioning,,AMTEC UPLB,,OFFICE,
,Tachometer,TM-21,*TM-21*,D221002,Functioning,,AMTEC UPLB,,OFFICE,
,Tachometer,TM-22,*TM-22*,D221005,Functioning,,AMTEC UPLB,,OFFICE,
,Tachometer,TM-23,*TM-23*,D221004,Functioning,,AMTEC UPLB,,OFFICE,
,Tachometer,TM-24,*TM-24*,T221103,Functioning,,On trip,,OFFICE,
,Tachometer,TM-25,*TM-25*,T221105,Functioning,,AMTEC UPLB,,OFFICE,
,Tachometer,TM-26,*TM-26*,T221104,Functioning,,On trip,,OFFICE,
,Tachometer,TM-27,*TM-27*,T221101,For Calibration,incorrect reading,AMTEC UPLB,,OFFICE,
,Tachometer,TM-28,*TM-28*,T221102,Functioning,,AMTEC UPLB,,OFFICE,
,Temp-RH Data Logger,DL-01,*DL-01*,65030648,Functioning,,AMTEC UPLB,,OFFICE,
,Temp-RH Data Logger,DL-02,*DL-02*,65064730,Functioning,,AMTEC UPLB,,OFFICE,
,Temp-RH Data Logger,DL-03,*DL-03*,,Functioning,,AMTEC UPLB,,OFFICE,
,Temp-RH Data Logger,DL-04,*DL-04*,,Functioning,,AMTEC UPLB,,OFFICE,
,Temp-RH Data Logger,DL-05,*DL-05*,,Functioning,,AMTEC UPLB,,OFFICE,
,Temp-RH Data Logger,DL-06,*DL-06*,10013132,Functioning,,AMTEC UPLB,,OFFICE,
,Temperature Data Logger/Thermometer,AMD property,*AMD property*,43230120WS,Functioning,,On trip,,OFFICE,
,Thermocouple Data Logger,DLC-01,*DLC-01*,40053030,Functioning,,AMTEC UPLB,,OFFICE,
,Thermocouple Data Logger,TML-01,*TML-01*,T525808,Functioning,,AMTEC UPLB,,OFFICE,
,Thermocouple Data Logger,TML-02,*TML-02*,525791,Functioning,,AMTEC UPLB,,OFFICE,
,Thermocouple Data Logger,TML-03,*TML-03*,,Functioning,no reader,AMTEC UPLB,,OFFICE,
,Thermocouple Data Logger,TML-04,*TML-04*,,Functioning,,AMTEC UPLB,,OFFICE,
,Thermocouple Data Logger,TML-05,*TML-05*,04681-7271001,Functioning,,AMTEC UPLB,,OFFICE,
,Thermocouple Data Logger,TML-06,*TML-06*,0102-01990,For Repair,Ports need repairing,AMTEC UPLB,,OFFICE,
,Temperature Data Logger/Thermometer,TML-07,*TML-07*,47570687WS,For Repair,"CAL Err, Battery port",AMTEC UPLB,,OFFICE,
,Thermocouple Data Logger,TML-08,*TML-08*,201006085,Functioning,,On trip,,OFFICE,
,Thermocouple Data Logger,TML-09,*TML-09*,HLEHTC1599,Functioning,,AMTEC UPLB,,OFFICE,
,Temperature Data Logger/Thermometer,TML-10,*TML-10*,57090244WS,Functioning,,AMTEC UPLB,,OFFICE,
,Temperature Data Logger/Thermometer,TML-11,*TML-11*,58490007WS,Functioning,for retagging,AMTEC UPLB,,OFFICE,
,Temperature Data Logger/Thermometer,TML-12,*TML-12*,58290037WS,Functioning,for retagging,AMTEC UPLB,,OFFICE,
,Temperature Data Logger/Thermometer,TML-13,*TML-13*,58290040WS,Functioning,,AMTEC UPLB,,OFFICE,
,Temperature Data Logger/Thermometer,TML-14,*TML-14*,58490008WS,Functioning,,On trip,,OFFICE,
,Temperature Data Logger/Thermometer,TML-15,*TML-15*,61770062WS,Functioning,,AMTEC UPLB,,OFFICE,
,Transceiver,TR-01,*TR-01*,50075358-1,Functioning,,AMTEC UPLB,,OFFICE,
,Transceiver,TR-02,*TR-02*,50075348-4,Functioning,,AMTEC UPLB,,OFFICE,
,Transceiver,TR-03,*TR-03*,,Functioning,,AMTEC UPLB,,OFFICE,
,Transceiver,TR-04,*TR-04*,,Functioning,,On trip,,OFFICE,
,Transceiver,TR-05,*TR-05*,,Functioning,,AMTEC UPLB,,OFFICE,
,Transceiver,TR-06,*TR-06*,,Functioning,Missing clip,On trip,,OFFICE,
,Transceiver Charger,TRC-01,*TRC-01*,,Functioning,,AMTEC UPLB,,OFFICE,
,Transceiver Charger,TRC-02,*TRC-02*,,Functioning,,AMTEC UPLB,,OFFICE,
,Transceiver Charger,TRC-03,*TRC-03*,,Functioning,,AMTEC UPLB,,OFFICE,
,Transceiver Charger,-,,,Functioning,,AMTEC UPLB,,OFFICE,
,Universal Battery Charger,UBC-01,*UBC-01*,,Functioning,,AMTEC UPLB,,OFFICE,
,Universal Battery Charger,UBC-02,*UBC-02*,,Functioning,,AMTEC UPLB,,OFFICE,
,Universal Battery Charger,UBC-03,*UBC-03*,,Functioning,,AMTEC UPLB,,OFFICE,
,Vibration Meter,VM-01,*VM-01*,25623010218,Functioning,,AMTEC UPLB,,OFFICE,
,Weighing Scale,WS-01,*WS-01*,13902059739,Functioning,,AMTEC UPLB,,OFFICE,
,Weighing Scale,WS-02,*WS-02*,,For Repair,,AMTEC UPLB,,OFFICE,
,Weighing Scale,WS-03,*WS-03*,13903095949,Functioning,,On trip,,OFFICE,
,Weighing Scale,WS-04,*WS-04*,,Functioning,,AMTEC UPLB,,OFFICE,
,Weighing Scale,WS-05,*WS-05*,,Functioning,,AMTEC UPLB,,OFFICE,
,Weighing Scale,WS-06,*WS-06*,,Functioning,,AMTEC UPLB,,OFFICE,
,Weighing Scale,WS-07,*WS-07*,,Functioning,,AMTEC UPLB,,OFFICE,
,Weighing Scale,WS-08,*WS-08*,,Functioning,,AMTEC UPLB,,OFFICE,
,Weighing Scale,WS-09,*WS-09*,,Functioning,White (for tagging),AMTEC UPLB,,OFFICE,
,Weighing Scale,WS-10,*WS-10*,,Functioning,DS-01 (for tagging),AMTEC UPLB,,OFFICE,
,Weighing Scale,WS-11,*WS-11*,GSL00006,Functioning,,AMTEC UPLB,,OFFICE,
,Weighing Scale,WS-12,*WS-12*,GSL00003,Functioning,,AMTEC UPLB,,OFFICE,
,Weighing Scale,WS-13,*WS-13*,GSL00007,Functioning,,AMTEC UPLB,,OFFICE,
,Weighing Scale,WS-14,*WS-14*,CCL00004,Functioning,,AMTEC UPLB,,OFFICE,
,Weighing Scale,WS-15,*WS-15*,CCL00031,Functioning,,AMTEC UPLB,,OFFICE,
,Weighing Scale,WS-16,*WS-16*,CCL00033,Functioning,,AMTEC UPLB,,OFFICE,
,Weighing Scale,WS-17,*WS-17*,CCL00027,Functioning,,AMTEC UPLB,,OFFICE,
,Weighing Scale,WS-18,*WS-18*,CCL00030,Functioning,,AMTEC UPLB,,OFFICE,
,Weighing Scale,WS-19,*WS-19*,AE9CQ46050,Functioning,,AMTEC UPLB,,OFFICE,
,Weighing Scale,WS-20,*WS-20*,AE9CQ44485,Functioning,,AMTEC Mindanao,,OFFICE,
,Weighing Scale,WS-21,*WS-21*,AE9CQ45909,Functioning,,AMTEC UPLB,,OFFICE,